APPEAR,ARREST,BELL,BLIND,BROWN,CRAWL,DEMONIC,DRIVING,GIDDY,HIDEOUS,HUSHED,LETTER,MACHO,MANAGE,NOTEBOOK,SIGN,SMART,SPOON,SQUARE,STATEMENT,SUIT,TITLE,TRICK,TRUCULENT,TRUE,TURN,WAVE,WET,ZONKED
C,F,O,I,N,I,F,K,J,Y,H,X,Y,D,C,J,A,S,H,N,T,G,R,S,G,E,U,X,V,U
Q,D,D,G,K,T,Y,G,F,O,H,L,U,F,P,V,R,J,R,B,S,V,S,A,V,S,J,Z,G,J
M,P,V,N,S,G,I,F,W,P,W,T,M,A,C,H,O,G,Q,O,Q,M,T,A,E,G,O,R,C,K
N,W,O,R,B,D,E,J,H,B,T,H,P,A,B,H,I,D,E,O,U,S,W,B,W,P,E,J,U,P
I,D,H,D,D,U,V,K,M,X,C,T,C,K,S,Q,G,O,U,K,A,L,X,G,R,T,P,Z,O,S
E,Y,J,Y,L,T,G,O,P,K,F,M,V,V,W,W,X,E,E,Y,R,W,Y,A,T,D,G,A,E,Q
X,O,W,D,T,A,U,R,P,R,J,E,I,C,W,E,T,R,X,E,E,S,R,E,A,E,I,O,H,M
Z,T,K,R,D,J,C,B,Q,S,R,U,I,K,Z,L,G,A,D,E,P,Q,L,U,X,H,X,A,J,X
R,J,Q,N,M,V,F,I,W,M,K,N,V,N,F,Z,R,I,T,A,K,N,A,U,R,X,H,W,D,U
Y,C,I,D,Y,D,J,E,R,E,O,P,E,Z,G,S,G,S,I,I,A,Y,F,J,P,L,G,E,T,L
T,L,W,X,J,E,E,M,L,M,W,G,O,S,L,H,L,Y,U,B,S,S,T,X,N,Q,K,D,T,I
B,N,L,Z,J,H,L,T,E,T,Z,S,K,G,T,V,A,B,S,J,X,Q,H,U,M,O,V,L,X,N
P,R,T,H,K,S,C,D,G,W,I,S,K,Z,A,L,W,Y,J,D,X,T,L,K,U,I,H,L,X,K
D,C,X,T,E,U,V,K,K,N,A,T,F,T,B,A,N,E,A,Y,S,Z,A,B,J,G,Q,J,P,T
E,G,J,K,U,H,H,U,N,J,G,Q,R,P,I,N,E,X,I,C,X,I,E,H,J,T,M,T,U,F
V,E,S,N,G,E,X,L,Y,Y,F,I,V,F,B,H,R,X,P,C,Z,V,S,S,U,U,N,D,Z,R
S,K,K,S,D,A,V,W,F,D,V,E,S,U,E,Q,A,Q,P,W,D,A,N,R,V,B,H,T,V,U
B,M,Q,Z,B,R,O,O,U,W,K,T,A,G,Q,S,D,M,C,C,V,L,N,Y,L,E,H,U,N,M
F,L,A,W,U,G,I,K,X,H,E,R,P,N,U,U,S,R,B,D,Y,W,X,E,H,L,W,E,M,L
T,P,B,R,B,E,A,V,B,N,R,Q,K,M,K,I,E,I,P,V,L,A,I,M,U,L,D,X,E,T
J,N,D,Q,T,X,H,K,I,E,G,I,O,E,G,A,N,A,M,Q,W,R,Q,C,X,Q,W,Z,S,O
V,Y,E,G,Q,B,E,V,S,N,I,Z,O,N,K,E,D,F,K,K,D,C,H,V,H,D,R,R,P,Z
M,O,Q,L,M,B,R,T,V,M,G,S,B,G,T,Y,X,G,D,Q,X,H,K,F,T,R,V,I,O,G
S,D,K,K,U,K,X,U,C,W,H,Q,E,E,G,R,L,L,Y,P,U,O,N,G,X,J,W,F,O,F
Y,S,C,P,A,C,Z,T,N,E,M,E,T,A,T,S,I,Y,I,C,H,S,H,U,V,O,L,L,N,M
E,U,R,T,T,P,U,F,B,R,D,Z,O,Y,A,M,U,C,V,K,M,S,X,B,Y,I,F,W,U,H
A,P,F,K,X,N,A,R,L,Q,B,M,N,Z,O,X,E,M,K,I,D,I,U,K,X,B,T,N,D,G
Z,Q,L,L,F,V,O,B,T,L,Y,V,V,W,S,T,N,M,C,I,W,J,V,C,U,C,I,T,W,J
Q,U,X,T,X,T,D,D,V,E,G,S,Q,M,V,Z,Y,I,E,M,H,A,C,X,Q,M,I,M,E,Z
U,V,M,Q,J,M,R,U,W,I,F,Z,F,Y,P,N,X,C,K,I,U,V,U,Z,T,J,W,V,I,U